domain,date,organic_traffic
lyncconf.com,2024-01-01T00:00:00Z,2024
lyncconf.com,2024-01-02T00:00:00Z,1980
lyncconf.com,2024-01-03T00:00:00Z,1962
lyncconf.com,2024-01-04T00:00:00Z,1927
lyncconf.com,2024-01-05T00:00:00Z,1346
lyncconf.com,2024-01-06T00:00:00Z,1427
lyncconf.com,2024-01-07T00:00:00Z,1411
lyncconf.com,2024-01-08T00:00:00Z,1412
lyncconf.com,2024-01-09T00:00:00Z,1403
lyncconf.com,2024-01-10T00:00:00Z,1427
lyncconf.com,2024-01-11T00:00:00Z,1457
lyncconf.com,2024-01-12T00:00:00Z,1450
lyncconf.com,2024-01-13T00:00:00Z,1356
lyncconf.com,2024-01-14T00:00:00Z,1396
lyncconf.com,2024-01-15T00:00:00Z,1376
lyncconf.com,2024-01-16T00:00:00Z,1380
lyncconf.com,2024-01-17T00:00:00Z,1402
lyncconf.com,2024-01-18T00:00:00Z,1401
lyncconf.com,2024-01-19T00:00:00Z,1356
lyncconf.com,2024-01-20T00:00:00Z,1350
lyncconf.com,2024-01-21T00:00:00Z,1356
lyncconf.com,2024-01-22T00:00:00Z,1397
lyncconf.com,2024-01-23T00:00:00Z,1354
lyncconf.com,2024-01-24T00:00:00Z,1426
lyncconf.com,2024-01-25T00:00:00Z,1450
lyncconf.com,2024-01-26T00:00:00Z,1430
lyncconf.com,2024-01-27T00:00:00Z,1445
lyncconf.com,2024-01-28T00:00:00Z,1453
lyncconf.com,2024-01-29T00:00:00Z,1647
lyncconf.com,2024-01-30T00:00:00Z,1684
lyncconf.com,2024-01-31T00:00:00Z,1681
lyncconf.com,2024-02-01T00:00:00Z,1647
lyncconf.com,2024-02-02T00:00:00Z,1660
lyncconf.com,2024-02-03T00:00:00Z,2258
lyncconf.com,2024-02-04T00:00:00Z,2242
lyncconf.com,2024-02-05T00:00:00Z,2838
lyncconf.com,2024-02-06T00:00:00Z,3712
lyncconf.com,2024-02-07T00:00:00Z,8847
lyncconf.com,2024-02-08T00:00:00Z,8836
lyncconf.com,2024-02-09T00:00:00Z,8902
lyncconf.com,2024-02-10T00:00:00Z,8820
lyncconf.com,2024-02-11T00:00:00Z,8793
lyncconf.com,2024-02-12T00:00:00Z,8752
lyncconf.com,2024-02-13T00:00:00Z,9409
lyncconf.com,2024-02-14T00:00:00Z,9385
lyncconf.com,2024-02-15T00:00:00Z,9404
lyncconf.com,2024-02-16T00:00:00Z,9446
lyncconf.com,2024-02-17T00:00:00Z,9404
lyncconf.com,2024-02-18T00:00:00Z,9423
lyncconf.com,2024-02-19T00:00:00Z,9403
lyncconf.com,2024-02-20T00:00:00Z,9408
lyncconf.com,2024-02-21T00:00:00Z,9412
lyncconf.com,2024-02-22T00:00:00Z,9476
lyncconf.com,2024-02-23T00:00:00Z,9482
lyncconf.com,2024-02-24T00:00:00Z,9480
lyncconf.com,2024-02-25T00:00:00Z,9462
lyncconf.com,2024-02-26T00:00:00Z,9448
lyncconf.com,2024-02-27T00:00:00Z,9424
lyncconf.com,2024-02-28T00:00:00Z,10116
lyncconf.com,2024-02-29T00:00:00Z,10962
lyncconf.com,2024-03-01T00:00:00Z,10889
lyncconf.com,2024-03-02T00:00:00Z,15036
lyncconf.com,2024-03-03T00:00:00Z,20850
lyncconf.com,2024-03-04T00:00:00Z,20803
lyncconf.com,2024-03-05T00:00:00Z,20845
lyncconf.com,2024-03-06T00:00:00Z,20783
lyncconf.com,2024-03-07T00:00:00Z,38320
lyncconf.com,2024-03-08T00:00:00Z,38099
lyncconf.com,2024-03-09T00:00:00Z,38147
lyncconf.com,2024-03-10T00:00:00Z,37977
lyncconf.com,2024-03-11T00:00:00Z,38713
lyncconf.com,2024-03-12T00:00:00Z,38570
lyncconf.com,2024-03-13T00:00:00Z,38582
lyncconf.com,2024-03-14T00:00:00Z,38567
lyncconf.com,2024-03-15T00:00:00Z,37668
lyncconf.com,2024-03-16T00:00:00Z,36816
lyncconf.com,2024-03-17T00:00:00Z,49638
lyncconf.com,2024-03-18T00:00:00Z,48781
lyncconf.com,2024-03-19T00:00:00Z,55072
lyncconf.com,2024-03-20T00:00:00Z,61008
lyncconf.com,2024-03-21T00:00:00Z,65316
lyncconf.com,2024-03-22T00:00:00Z,65262
lyncconf.com,2024-03-23T00:00:00Z,64164
lyncconf.com,2024-03-24T00:00:00Z,64150
lyncconf.com,2024-03-25T00:00:00Z,64128
lyncconf.com,2024-03-26T00:00:00Z,64253
lyncconf.com,2024-03-27T00:00:00Z,64169
lyncconf.com,2024-03-28T00:00:00Z,80145
lyncconf.com,2024-03-29T00:00:00Z,83497
lyncconf.com,2024-03-30T00:00:00Z,102476
lyncconf.com,2024-03-31T00:00:00Z,103172
lyncconf.com,2024-04-01T00:00:00Z,97851
lyncconf.com,2024-04-02T00:00:00Z,99008
lyncconf.com,2024-04-03T00:00:00Z,86234
lyncconf.com,2024-04-04T00:00:00Z,73267
lyncconf.com,2024-04-05T00:00:00Z,72528
lyncconf.com,2024-04-06T00:00:00Z,72528
lyncconf.com,2024-04-07T00:00:00Z,69532
lyncconf.com,2024-04-08T00:00:00Z,69422
lyncconf.com,2024-04-09T00:00:00Z,68647
lyncconf.com,2024-04-10T00:00:00Z,68646
lyncconf.com,2024-04-11T00:00:00Z,68608
lyncconf.com,2024-04-12T00:00:00Z,75155
lyncconf.com,2024-04-13T00:00:00Z,78297
lyncconf.com,2024-04-14T00:00:00Z,84140
lyncconf.com,2024-04-15T00:00:00Z,83859
lyncconf.com,2024-04-16T00:00:00Z,79559
lyncconf.com,2024-04-17T00:00:00Z,79765
lyncconf.com,2024-04-18T00:00:00Z,79370
lyncconf.com,2024-04-19T00:00:00Z,79212
lyncconf.com,2024-04-20T00:00:00Z,78517
lyncconf.com,2024-04-21T00:00:00Z,78457
lyncconf.com,2024-04-22T00:00:00Z,75119
lyncconf.com,2024-04-23T00:00:00Z,75104
lyncconf.com,2024-04-24T00:00:00Z,72525
lyncconf.com,2024-04-25T00:00:00Z,61736
lyncconf.com,2024-04-26T00:00:00Z,74999
lyncconf.com,2024-04-27T00:00:00Z,75047
lyncconf.com,2024-04-28T00:00:00Z,77212
lyncconf.com,2024-04-29T00:00:00Z,77225
lyncconf.com,2024-04-30T00:00:00Z,77129
lyncconf.com,2024-05-01T00:00:00Z,67465
lyncconf.com,2024-05-02T00:00:00Z,65128
lyncconf.com,2024-05-03T00:00:00Z,63615
lyncconf.com,2024-05-04T00:00:00Z,53439
lyncconf.com,2024-05-05T00:00:00Z,48429
lyncconf.com,2024-05-06T00:00:00Z,48417
lyncconf.com,2024-05-07T00:00:00Z,49174
lyncconf.com,2024-05-08T00:00:00Z,48358
lyncconf.com,2024-05-09T00:00:00Z,48818
lyncconf.com,2024-05-10T00:00:00Z,49504
lyncconf.com,2024-05-11T00:00:00Z,47603
lyncconf.com,2024-05-12T00:00:00Z,46739
lyncconf.com,2024-05-13T00:00:00Z,46592
lyncconf.com,2024-05-14T00:00:00Z,46590
lyncconf.com,2024-05-15T00:00:00Z,46763
lyncconf.com,2024-05-16T00:00:00Z,35587
lyncconf.com,2024-05-17T00:00:00Z,34951
lyncconf.com,2024-05-18T00:00:00Z,34938
lyncconf.com,2024-05-19T00:00:00Z,27807
lyncconf.com,2024-05-20T00:00:00Z,27812
lyncconf.com,2024-05-21T00:00:00Z,27849
lyncconf.com,2024-05-22T00:00:00Z,15707
lyncconf.com,2024-05-23T00:00:00Z,15678
lyncconf.com,2024-05-24T00:00:00Z,15748
lyncconf.com,2024-05-25T00:00:00Z,15774
lyncconf.com,2024-05-26T00:00:00Z,14971
lyncconf.com,2024-05-27T00:00:00Z,14880
lyncconf.com,2024-05-28T00:00:00Z,14933
lyncconf.com,2024-05-29T00:00:00Z,14916
lyncconf.com,2024-05-30T00:00:00Z,14730
lyncconf.com,2024-05-31T00:00:00Z,14640
lyncconf.com,2024-06-01T00:00:00Z,13474
lyncconf.com,2024-06-02T00:00:00Z,13303
lyncconf.com,2024-06-03T00:00:00Z,11629
lyncconf.com,2024-06-04T00:00:00Z,11654
lyncconf.com,2024-06-05T00:00:00Z,11722
lyncconf.com,2024-06-06T00:00:00Z,11725
lyncconf.com,2024-06-07T00:00:00Z,11893
lyncconf.com,2024-06-08T00:00:00Z,11766
lyncconf.com,2024-06-09T00:00:00Z,11622
lyncconf.com,2024-06-10T00:00:00Z,11647
lyncconf.com,2024-06-11T00:00:00Z,11416
lyncconf.com,2024-06-12T00:00:00Z,11545
lyncconf.com,2024-06-13T00:00:00Z,11589
lyncconf.com,2024-06-14T00:00:00Z,11610
lyncconf.com,2024-06-15T00:00:00Z,11494
lyncconf.com,2024-06-16T00:00:00Z,11502
lyncconf.com,2024-06-17T00:00:00Z,11514
lyncconf.com,2024-06-18T00:00:00Z,11544
lyncconf.com,2024-06-19T00:00:00Z,11520
lyncconf.com,2024-06-20T00:00:00Z,10979
lyncconf.com,2024-06-21T00:00:00Z,11078
lyncconf.com,2024-06-22T00:00:00Z,11087
lyncconf.com,2024-06-23T00:00:00Z,11558
lyncconf.com,2024-06-24T00:00:00Z,11567
lyncconf.com,2024-06-25T00:00:00Z,11506
lyncconf.com,2024-06-26T00:00:00Z,11373
lyncconf.com,2024-06-27T00:00:00Z,11528
lyncconf.com,2024-06-28T00:00:00Z,11480
lyncconf.com,2024-06-29T00:00:00Z,11454
lyncconf.com,2024-06-30T00:00:00Z,11434
lyncconf.com,2024-07-01T00:00:00Z,11169
lyncconf.com,2024-07-02T00:00:00Z,11426
lyncconf.com,2024-07-03T00:00:00Z,11395
lyncconf.com,2024-07-04T00:00:00Z,11426
lyncconf.com,2024-07-05T00:00:00Z,11732
lyncconf.com,2024-07-06T00:00:00Z,11797
lyncconf.com,2024-07-07T00:00:00Z,11908
lyncconf.com,2024-07-08T00:00:00Z,11797
lyncconf.com,2024-07-09T00:00:00Z,11836
lyncconf.com,2024-07-10T00:00:00Z,11922
lyncconf.com,2024-07-11T00:00:00Z,11795
lyncconf.com,2024-07-12T00:00:00Z,11863
lyncconf.com,2024-07-13T00:00:00Z,11805
lyncconf.com,2024-07-14T00:00:00Z,12182
lyncconf.com,2024-07-15T00:00:00Z,12027
lyncconf.com,2024-07-16T00:00:00Z,11359
lyncconf.com,2024-07-17T00:00:00Z,11447
lyncconf.com,2024-07-18T00:00:00Z,11450
lyncconf.com,2024-07-19T00:00:00Z,11561
lyncconf.com,2024-07-20T00:00:00Z,11486
lyncconf.com,2024-07-21T00:00:00Z,11503
lyncconf.com,2024-07-22T00:00:00Z,11822
lyncconf.com,2024-07-23T00:00:00Z,11660
lyncconf.com,2024-07-24T00:00:00Z,11640
lyncconf.com,2024-07-25T00:00:00Z,11693
lyncconf.com,2024-07-26T00:00:00Z,11727
lyncconf.com,2024-07-27T00:00:00Z,11789
lyncconf.com,2024-07-28T00:00:00Z,11832
lyncconf.com,2024-07-29T00:00:00Z,11645
lyncconf.com,2024-07-30T00:00:00Z,11680
lyncconf.com,2024-07-31T00:00:00Z,11727
lyncconf.com,2024-08-01T00:00:00Z,12141
lyncconf.com,2024-08-02T00:00:00Z,12141
lyncconf.com,2024-08-03T00:00:00Z,12140
lyncconf.com,2024-08-04T00:00:00Z,12140
lyncconf.com,2024-08-05T00:00:00Z,12298
lyncconf.com,2024-08-06T00:00:00Z,12723
lyncconf.com,2024-08-07T00:00:00Z,12781
lyncconf.com,2024-08-08T00:00:00Z,12639
lyncconf.com,2024-08-09T00:00:00Z,13288
lyncconf.com,2024-08-10T00:00:00Z,14152
lyncconf.com,2024-08-11T00:00:00Z,14222
lyncconf.com,2024-08-12T00:00:00Z,14205
lyncconf.com,2024-08-13T00:00:00Z,14268
lyncconf.com,2024-08-14T00:00:00Z,14152
lyncconf.com,2024-08-15T00:00:00Z,14188
lyncconf.com,2024-08-16T00:00:00Z,14033
lyncconf.com,2024-08-17T00:00:00Z,13506
lyncconf.com,2024-08-18T00:00:00Z,13679
lyncconf.com,2024-08-19T00:00:00Z,13181
lyncconf.com,2024-08-20T00:00:00Z,12989
lyncconf.com,2024-08-21T00:00:00Z,13202
lyncconf.com,2024-08-22T00:00:00Z,14341
lyncconf.com,2024-08-23T00:00:00Z,13785
lyncconf.com,2024-08-24T00:00:00Z,14607
lyncconf.com,2024-08-25T00:00:00Z,14765
lyncconf.com,2024-08-26T00:00:00Z,14353
lyncconf.com,2024-08-27T00:00:00Z,14625
lyncconf.com,2024-08-28T00:00:00Z,14699
lyncconf.com,2024-08-29T00:00:00Z,14574
lyncconf.com,2024-08-30T00:00:00Z,14673
lyncconf.com,2024-08-31T00:00:00Z,14632
lyncconf.com,2024-09-01T00:00:00Z,14418
lyncconf.com,2024-09-02T00:00:00Z,13993
lyncconf.com,2024-09-03T00:00:00Z,13822
lyncconf.com,2024-09-04T00:00:00Z,13033
lyncconf.com,2024-09-05T00:00:00Z,13180
lyncconf.com,2024-09-06T00:00:00Z,12947
lyncconf.com,2024-09-07T00:00:00Z,13294
lyncconf.com,2024-09-08T00:00:00Z,11871
lyncconf.com,2024-09-09T00:00:00Z,11961
lyncconf.com,2024-09-10T00:00:00Z,11818
lyncconf.com,2024-09-11T00:00:00Z,11897
lyncconf.com,2024-09-12T00:00:00Z,11989
lyncconf.com,2024-09-13T00:00:00Z,12119
lyncconf.com,2024-09-14T00:00:00Z,11932
lyncconf.com,2024-09-15T00:00:00Z,11687
lyncconf.com,2024-09-16T00:00:00Z,11161
lyncconf.com,2024-09-17T00:00:00Z,10550
lyncconf.com,2024-09-18T00:00:00Z,10213
lyncconf.com,2024-09-19T00:00:00Z,10544
lyncconf.com,2024-09-20T00:00:00Z,10102
lyncconf.com,2024-09-21T00:00:00Z,9907
lyncconf.com,2024-09-22T00:00:00Z,10548
lyncconf.com,2024-09-23T00:00:00Z,10853
lyncconf.com,2024-09-24T00:00:00Z,10474
lyncconf.com,2024-09-25T00:00:00Z,10533
lyncconf.com,2024-09-26T00:00:00Z,10289
lyncconf.com,2024-09-27T00:00:00Z,9809
lyncconf.com,2024-09-28T00:00:00Z,9234
lyncconf.com,2024-09-29T00:00:00Z,9222
lyncconf.com,2024-09-30T00:00:00Z,9463
lyncconf.com,2024-10-01T00:00:00Z,8553
lyncconf.com,2024-10-02T00:00:00Z,7009
lyncconf.com,2024-10-03T00:00:00Z,5783
lyncconf.com,2024-10-04T00:00:00Z,5443
lyncconf.com,2024-10-05T00:00:00Z,5086
lyncconf.com,2024-10-06T00:00:00Z,5145
lyncconf.com,2024-10-07T00:00:00Z,5174
lyncconf.com,2024-10-08T00:00:00Z,4923
lyncconf.com,2024-10-09T00:00:00Z,4875
lyncconf.com,2024-10-10T00:00:00Z,4827
lyncconf.com,2024-10-11T00:00:00Z,4969
lyncconf.com,2024-10-12T00:00:00Z,4979
lyncconf.com,2024-10-13T00:00:00Z,4941
lyncconf.com,2024-10-14T00:00:00Z,4951
lyncconf.com,2024-10-15T00:00:00Z,5248
lyncconf.com,2024-10-16T00:00:00Z,5188
lyncconf.com,2024-10-17T00:00:00Z,4838
lyncconf.com,2024-10-18T00:00:00Z,5194
lyncconf.com,2024-10-19T00:00:00Z,4892
lyncconf.com,2024-10-20T00:00:00Z,4861
lyncconf.com,2024-10-21T00:00:00Z,4797
lyncconf.com,2024-10-22T00:00:00Z,4648
lyncconf.com,2024-10-23T00:00:00Z,4699
lyncconf.com,2024-10-24T00:00:00Z,4756
lyncconf.com,2024-10-25T00:00:00Z,4716
lyncconf.com,2024-10-26T00:00:00Z,4784
lyncconf.com,2024-10-27T00:00:00Z,4744
lyncconf.com,2024-10-28T00:00:00Z,4863
lyncconf.com,2024-10-29T00:00:00Z,4989
lyncconf.com,2024-10-30T00:00:00Z,5168
lyncconf.com,2024-10-31T00:00:00Z,5168
lyncconf.com,2024-11-01T00:00:00Z,5007
lyncconf.com,2024-11-02T00:00:00Z,5211
lyncconf.com,2024-11-03T00:00:00Z,4985
lyncconf.com,2024-11-04T00:00:00Z,5111
lyncconf.com,2024-11-05T00:00:00Z,4883
lyncconf.com,2024-11-06T00:00:00Z,4729
lyncconf.com,2024-11-07T00:00:00Z,5137
lyncconf.com,2024-11-08T00:00:00Z,4991
lyncconf.com,2024-11-09T00:00:00Z,5104
lyncconf.com,2024-11-10T00:00:00Z,5010
lyncconf.com,2024-11-11T00:00:00Z,4825
lyncconf.com,2024-11-12T00:00:00Z,4805
lyncconf.com,2024-11-13T00:00:00Z,4786
lyncconf.com,2024-11-14T00:00:00Z,5113
lyncconf.com,2024-11-15T00:00:00Z,5180
lyncconf.com,2024-11-16T00:00:00Z,5233
lyncconf.com,2024-11-17T00:00:00Z,5199
lyncconf.com,2024-11-18T00:00:00Z,5345
lyncconf.com,2024-11-19T00:00:00Z,5454
lyncconf.com,2024-11-20T00:00:00Z,5483
lyncconf.com,2024-11-21T00:00:00Z,5455
lyncconf.com,2024-11-22T00:00:00Z,5673
lyncconf.com,2024-11-23T00:00:00Z,5899
lyncconf.com,2024-11-24T00:00:00Z,6072
lyncconf.com,2024-11-25T00:00:00Z,6006
lyncconf.com,2024-11-26T00:00:00Z,6188
lyncconf.com,2024-11-27T00:00:00Z,6186
lyncconf.com,2024-11-28T00:00:00Z,6305
lyncconf.com,2024-11-29T00:00:00Z,6199
lyncconf.com,2024-11-30T00:00:00Z,6081
lyncconf.com,2024-12-01T00:00:00Z,9053
lyncconf.com,2024-12-02T00:00:00Z,9449
lyncconf.com,2024-12-03T00:00:00Z,9964
lyncconf.com,2024-12-04T00:00:00Z,10508
lyncconf.com,2024-12-05T00:00:00Z,13257
lyncconf.com,2024-12-06T00:00:00Z,13336
lyncconf.com,2024-12-07T00:00:00Z,13587
lyncconf.com,2024-12-08T00:00:00Z,13524
lyncconf.com,2024-12-09T00:00:00Z,13836
lyncconf.com,2024-12-10T00:00:00Z,14123
lyncconf.com,2024-12-11T00:00:00Z,14172
lyncconf.com,2024-12-12T00:00:00Z,16340
lyncconf.com,2024-12-13T00:00:00Z,16344
lyncconf.com,2024-12-14T00:00:00Z,16231
lyncconf.com,2024-12-15T00:00:00Z,16485
lyncconf.com,2024-12-16T00:00:00Z,17168
lyncconf.com,2024-12-17T00:00:00Z,17560
lyncconf.com,2024-12-18T00:00:00Z,17960
lyncconf.com,2024-12-19T00:00:00Z,22047
lyncconf.com,2024-12-20T00:00:00Z,23216
lyncconf.com,2024-12-21T00:00:00Z,23297
lyncconf.com,2024-12-22T00:00:00Z,23447
lyncconf.com,2024-12-23T00:00:00Z,23631
lyncconf.com,2024-12-24T00:00:00Z,23572
lyncconf.com,2024-12-25T00:00:00Z,24993
lyncconf.com,2024-12-26T00:00:00Z,24819
lyncconf.com,2024-12-27T00:00:00Z,24820
lyncconf.com,2024-12-28T00:00:00Z,24754
lyncconf.com,2024-12-29T00:00:00Z,24670
lyncconf.com,2024-12-30T00:00:00Z,24762
lyncconf.com,2024-12-31T00:00:00Z,24543
lyncconf.com,2025-01-01T00:00:00Z,25490
lyncconf.com,2025-01-02T00:00:00Z,25326
lyncconf.com,2025-01-03T00:00:00Z,24896
lyncconf.com,2025-01-04T00:00:00Z,24884
lyncconf.com,2025-01-05T00:00:00Z,26221
lyncconf.com,2025-01-06T00:00:00Z,25119
lyncconf.com,2025-01-07T00:00:00Z,25344
lyncconf.com,2025-01-08T00:00:00Z,26128
lyncconf.com,2025-01-09T00:00:00Z,25418
lyncconf.com,2025-01-10T00:00:00Z,23877
lyncconf.com,2025-01-11T00:00:00Z,24496
lyncconf.com,2025-01-12T00:00:00Z,24718
lyncconf.com,2025-01-13T00:00:00Z,23385
lyncconf.com,2025-01-14T00:00:00Z,22404
lyncconf.com,2025-01-15T00:00:00Z,21334
lyncconf.com,2025-01-16T00:00:00Z,21669
lyncconf.com,2025-01-17T00:00:00Z,21727
lyncconf.com,2025-01-18T00:00:00Z,22092
lyncconf.com,2025-01-19T00:00:00Z,22614
lyncconf.com,2025-01-20T00:00:00Z,23163
lyncconf.com,2025-01-21T00:00:00Z,22663
lyncconf.com,2025-01-22T00:00:00Z,22768
lyncconf.com,2025-01-23T00:00:00Z,21910
lyncconf.com,2025-01-24T00:00:00Z,21842
lyncconf.com,2025-01-25T00:00:00Z,21664
lyncconf.com,2025-01-26T00:00:00Z,21911
lyncconf.com,2025-01-27T00:00:00Z,22574
lyncconf.com,2025-01-28T00:00:00Z,22647
lyncconf.com,2025-01-29T00:00:00Z,22606
lyncconf.com,2025-01-30T00:00:00Z,21232
lyncconf.com,2025-01-31T00:00:00Z,21730
lyncconf.com,2025-02-01T00:00:00Z,13801
lyncconf.com,2025-02-02T00:00:00Z,12195
lyncconf.com,2025-02-03T00:00:00Z,11682
lyncconf.com,2025-02-04T00:00:00Z,9359
lyncconf.com,2025-02-05T00:00:00Z,8779
lyncconf.com,2025-02-06T00:00:00Z,8584
lyncconf.com,2025-02-07T00:00:00Z,8489
lyncconf.com,2025-02-08T00:00:00Z,7725
lyncconf.com,2025-02-09T00:00:00Z,7204
lyncconf.com,2025-02-10T00:00:00Z,7559
lyncconf.com,2025-02-11T00:00:00Z,7733
lyncconf.com,2025-02-12T00:00:00Z,7752
lyncconf.com,2025-02-13T00:00:00Z,8017
lyncconf.com,2025-02-14T00:00:00Z,7286
lyncconf.com,2025-02-15T00:00:00Z,6157
lyncconf.com,2025-02-16T00:00:00Z,6128
lyncconf.com,2025-02-17T00:00:00Z,6058
lyncconf.com,2025-02-18T00:00:00Z,5902
lyncconf.com,2025-02-19T00:00:00Z,5975
lyncconf.com,2025-02-20T00:00:00Z,5505
lyncconf.com,2025-02-21T00:00:00Z,5296
lyncconf.com,2025-02-22T00:00:00Z,5323
lyncconf.com,2025-02-23T00:00:00Z,5202
lyncconf.com,2025-02-24T00:00:00Z,6154
lyncconf.com,2025-02-25T00:00:00Z,5214
lyncconf.com,2025-02-26T00:00:00Z,5061
lyncconf.com,2025-02-27T00:00:00Z,5009
lyncconf.com,2025-02-28T00:00:00Z,5151
lyncconf.com,2025-03-01T00:00:00Z,9171
lyncconf.com,2025-03-02T00:00:00Z,11012
lyncconf.com,2025-03-03T00:00:00Z,9900
lyncconf.com,2025-03-04T00:00:00Z,9992
lyncconf.com,2025-03-05T00:00:00Z,10511
lyncconf.com,2025-03-06T00:00:00Z,10814
lyncconf.com,2025-03-07T00:00:00Z,10791
lyncconf.com,2025-03-08T00:00:00Z,11290
lyncconf.com,2025-03-09T00:00:00Z,11529
lyncconf.com,2025-03-10T00:00:00Z,11667
lyncconf.com,2025-03-11T00:00:00Z,11443
lyncconf.com,2025-03-12T00:00:00Z,11342
lyncconf.com,2025-03-13T00:00:00Z,10137
lyncconf.com,2025-03-14T00:00:00Z,9549
lyncconf.com,2025-03-15T00:00:00Z,9668
lyncconf.com,2025-03-16T00:00:00Z,12435
lyncconf.com,2025-03-17T00:00:00Z,10117
lyncconf.com,2025-03-18T00:00:00Z,11532
lyncconf.com,2025-03-19T00:00:00Z,9766
lyncconf.com,2025-03-20T00:00:00Z,10011
lyncconf.com,2025-03-21T00:00:00Z,10318
lyncconf.com,2025-03-22T00:00:00Z,10752
lyncconf.com,2025-03-23T00:00:00Z,11500
lyncconf.com,2025-03-24T00:00:00Z,11593
lyncconf.com,2025-03-25T00:00:00Z,12352
lyncconf.com,2025-03-26T00:00:00Z,12592
lyncconf.com,2025-03-27T00:00:00Z,12449
lyncconf.com,2025-03-28T00:00:00Z,12129
lyncconf.com,2025-03-29T00:00:00Z,12000
lyncconf.com,2025-03-30T00:00:00Z,12314
lyncconf.com,2025-03-31T00:00:00Z,12336
lyncconf.com,2025-04-01T00:00:00Z,13015
lyncconf.com,2025-04-02T00:00:00Z,11878
lyncconf.com,2025-04-03T00:00:00Z,11675
lyncconf.com,2025-04-04T00:00:00Z,11879
lyncconf.com,2025-04-05T00:00:00Z,11968
lyncconf.com,2025-04-06T00:00:00Z,11565
lyncconf.com,2025-04-07T00:00:00Z,11460
lyncconf.com,2025-04-08T00:00:00Z,11633
lyncconf.com,2025-04-09T00:00:00Z,11405
lyncconf.com,2025-04-10T00:00:00Z,11464
lyncconf.com,2025-04-11T00:00:00Z,11397
lyncconf.com,2025-04-12T00:00:00Z,12031
lyncconf.com,2025-04-13T00:00:00Z,11490
lyncconf.com,2025-04-14T00:00:00Z,11625
lyncconf.com,2025-04-15T00:00:00Z,11646
lyncconf.com,2025-04-16T00:00:00Z,11752
lyncconf.com,2025-04-17T00:00:00Z,11902
lyncconf.com,2025-04-18T00:00:00Z,12223
lyncconf.com,2025-04-19T00:00:00Z,11875
lyncconf.com,2025-04-20T00:00:00Z,11740
lyncconf.com,2025-04-21T00:00:00Z,11969
lyncconf.com,2025-04-22T00:00:00Z,11967
lyncconf.com,2025-04-23T00:00:00Z,12022
lyncconf.com,2025-04-24T00:00:00Z,12006
lyncconf.com,2025-04-25T00:00:00Z,12144
lyncconf.com,2025-04-26T00:00:00Z,12301
lyncconf.com,2025-04-27T00:00:00Z,12502
lyncconf.com,2025-04-28T00:00:00Z,11996
lyncconf.com,2025-04-29T00:00:00Z,11956
lyncconf.com,2025-04-30T00:00:00Z,12075
lyncconf.com,2025-05-01T00:00:00Z,14114
lyncconf.com,2025-05-02T00:00:00Z,14719
lyncconf.com,2025-05-03T00:00:00Z,14788
lyncconf.com,2025-05-04T00:00:00Z,14922
lyncconf.com,2025-05-05T00:00:00Z,14010
lyncconf.com,2025-05-06T00:00:00Z,14318
lyncconf.com,2025-05-07T00:00:00Z,14287
lyncconf.com,2025-05-08T00:00:00Z,14284
lyncconf.com,2025-05-09T00:00:00Z,14159
lyncconf.com,2025-05-10T00:00:00Z,14762
lyncconf.com,2025-05-11T00:00:00Z,15219
lyncconf.com,2025-05-12T00:00:00Z,15410
lyncconf.com,2025-05-13T00:00:00Z,15909
lyncconf.com,2025-05-14T00:00:00Z,16065
lyncconf.com,2025-05-15T00:00:00Z,16443
lyncconf.com,2025-05-16T00:00:00Z,16395
lyncconf.com,2025-05-17T00:00:00Z,16885
lyncconf.com,2025-05-18T00:00:00Z,16691
lyncconf.com,2025-05-19T00:00:00Z,16750
lyncconf.com,2025-05-20T00:00:00Z,16912
lyncconf.com,2025-05-21T00:00:00Z,16941
lyncconf.com,2025-05-22T00:00:00Z,17648
lyncconf.com,2025-05-23T00:00:00Z,18060
lyncconf.com,2025-05-24T00:00:00Z,18349
lyncconf.com,2025-05-25T00:00:00Z,18686
lyncconf.com,2025-05-26T00:00:00Z,18498
lyncconf.com,2025-05-27T00:00:00Z,18011
lyncconf.com,2025-05-28T00:00:00Z,18050
lyncconf.com,2025-05-29T00:00:00Z,18069
lyncconf.com,2025-05-30T00:00:00Z,17816
lyncconf.com,2025-05-31T00:00:00Z,17478
lyncconf.com,2025-06-01T00:00:00Z,17896
lyncconf.com,2025-06-02T00:00:00Z,20106
lyncconf.com,2025-06-03T00:00:00Z,17637
lyncconf.com,2025-06-04T00:00:00Z,17340
lyncconf.com,2025-06-05T00:00:00Z,16939
lyncconf.com,2025-06-06T00:00:00Z,17338
lyncconf.com,2025-06-07T00:00:00Z,17327
lyncconf.com,2025-06-08T00:00:00Z,17298
lyncconf.com,2025-06-09T00:00:00Z,16996
lyncconf.com,2025-06-10T00:00:00Z,17429
lyncconf.com,2025-06-11T00:00:00Z,17350
lyncconf.com,2025-06-12T00:00:00Z,17380
lyncconf.com,2025-06-13T00:00:00Z,17860
lyncconf.com,2025-06-14T00:00:00Z,17661
lyncconf.com,2025-06-15T00:00:00Z,17760
lyncconf.com,2025-06-16T00:00:00Z,17947
lyncconf.com,2025-06-17T00:00:00Z,17562
lyncconf.com,2025-06-18T00:00:00Z,17375
lyncconf.com,2025-06-19T00:00:00Z,17227
lyncconf.com,2025-06-20T00:00:00Z,17154
lyncconf.com,2025-06-21T00:00:00Z,17168
lyncconf.com,2025-06-22T00:00:00Z,17183
lyncconf.com,2025-06-23T00:00:00Z,17195
lyncconf.com,2025-06-24T00:00:00Z,16786
lyncconf.com,2025-06-25T00:00:00Z,16492
lyncconf.com,2025-06-26T00:00:00Z,16118
lyncconf.com,2025-06-27T00:00:00Z,16606
lyncconf.com,2025-06-28T00:00:00Z,16911
lyncconf.com,2025-06-29T00:00:00Z,17102
lyncconf.com,2025-06-30T00:00:00Z,17017
lyncconf.com,2025-07-01T00:00:00Z,17281
lyncconf.com,2025-07-02T00:00:00Z,18035
lyncconf.com,2025-07-03T00:00:00Z,17928
lyncconf.com,2025-07-04T00:00:00Z,18303
lyncconf.com,2025-07-05T00:00:00Z,17855
lyncconf.com,2025-07-06T00:00:00Z,17706
lyncconf.com,2025-07-07T00:00:00Z,17806
lyncconf.com,2025-07-08T00:00:00Z,17735
lyncconf.com,2025-07-09T00:00:00Z,17356
lyncconf.com,2025-07-10T00:00:00Z,16782
lyncconf.com,2025-07-11T00:00:00Z,16460
lyncconf.com,2025-07-12T00:00:00Z,15900
lyncconf.com,2025-07-13T00:00:00Z,15388
lyncconf.com,2025-07-14T00:00:00Z,15076
lyncconf.com,2025-07-15T00:00:00Z,14758
lyncconf.com,2025-07-16T00:00:00Z,14803
lyncconf.com,2025-07-17T00:00:00Z,14551
lyncconf.com,2025-07-18T00:00:00Z,14445
lyncconf.com,2025-07-19T00:00:00Z,14250
lyncconf.com,2025-07-20T00:00:00Z,14287
lyncconf.com,2025-07-21T00:00:00Z,14549
lyncconf.com,2025-07-22T00:00:00Z,14394
lyncconf.com,2025-07-23T00:00:00Z,14389
lyncconf.com,2025-07-24T00:00:00Z,14084
lyncconf.com,2025-07-25T00:00:00Z,14237
lyncconf.com,2025-07-26T00:00:00Z,14134
lyncconf.com,2025-07-27T00:00:00Z,13872
lyncconf.com,2025-07-28T00:00:00Z,13684
lyncconf.com,2025-07-29T00:00:00Z,13876
lyncconf.com,2025-07-30T00:00:00Z,13915
lyncconf.com,2025-07-31T00:00:00Z,13896
lyncconf.com,2025-08-01T00:00:00Z,14057
lyncconf.com,2025-08-02T00:00:00Z,14148
lyncconf.com,2025-08-03T00:00:00Z,14531
lyncconf.com,2025-08-04T00:00:00Z,15533
lyncconf.com,2025-08-05T00:00:00Z,16617
lyncconf.com,2025-08-06T00:00:00Z,16822
lyncconf.com,2025-08-07T00:00:00Z,16707
lyncconf.com,2025-08-08T00:00:00Z,16797
lyncconf.com,2025-08-09T00:00:00Z,17412
lyncconf.com,2025-08-10T00:00:00Z,17814
lyncconf.com,2025-08-11T00:00:00Z,17778
lyncconf.com,2025-08-12T00:00:00Z,18198
lyncconf.com,2025-08-13T00:00:00Z,18355
lyncconf.com,2025-08-14T00:00:00Z,17501
lyncconf.com,2025-08-15T00:00:00Z,17990
lyncconf.com,2025-08-16T00:00:00Z,18259
lyncconf.com,2025-08-17T00:00:00Z,18125
lyncconf.com,2025-08-18T00:00:00Z,18261
lyncconf.com,2025-08-19T00:00:00Z,18713
lyncconf.com,2025-08-20T00:00:00Z,18462
lyncconf.com,2025-08-21T00:00:00Z,18359
lyncconf.com,2025-08-22T00:00:00Z,18733
lyncconf.com,2025-08-23T00:00:00Z,18759
lyncconf.com,2025-08-24T00:00:00Z,18235
lyncconf.com,2025-08-25T00:00:00Z,18401
lyncconf.com,2025-08-26T00:00:00Z,18803
lyncconf.com,2025-08-27T00:00:00Z,19119
lyncconf.com,2025-08-28T00:00:00Z,19170
lyncconf.com,2025-08-29T00:00:00Z,18566
lyncconf.com,2025-08-30T00:00:00Z,18390
lyncconf.com,2025-08-31T00:00:00Z,19087
lyncconf.com,2025-09-01T00:00:00Z,26137
lyncconf.com,2025-09-02T00:00:00Z,26745
lyncconf.com,2025-09-03T00:00:00Z,31058
lyncconf.com,2025-09-04T00:00:00Z,31607
lyncconf.com,2025-09-05T00:00:00Z,37421
lyncconf.com,2025-09-06T00:00:00Z,39355
lyncconf.com,2025-09-07T00:00:00Z,40704
lyncconf.com,2025-09-08T00:00:00Z,43134
lyncconf.com,2025-09-09T00:00:00Z,42713
lyncconf.com,2025-09-10T00:00:00Z,43315
lyncconf.com,2025-09-11T00:00:00Z,44163
lyncconf.com,2025-09-12T00:00:00Z,48267
lyncconf.com,2025-09-13T00:00:00Z,52427
lyncconf.com,2025-09-14T00:00:00Z,54001
lyncconf.com,2025-09-15T00:00:00Z,54677
lyncconf.com,2025-09-16T00:00:00Z,55065
lyncconf.com,2025-09-17T00:00:00Z,58269
lyncconf.com,2025-09-18T00:00:00Z,58710
lyncconf.com,2025-09-19T00:00:00Z,59293
lyncconf.com,2025-09-20T00:00:00Z,58705
lyncconf.com,2025-09-21T00:00:00Z,58907
lyncconf.com,2025-09-22T00:00:00Z,60716
lyncconf.com,2025-09-23T00:00:00Z,61644
lyncconf.com,2025-09-24T00:00:00Z,65307
lyncconf.com,2025-09-25T00:00:00Z,65518
lyncconf.com,2025-09-26T00:00:00Z,65162
lyncconf.com,2025-09-27T00:00:00Z,66037
lyncconf.com,2025-09-28T00:00:00Z,66221
lyncconf.com,2025-09-29T00:00:00Z,65876
lyncconf.com,2025-09-30T00:00:00Z,64732
lyncconf.com,2025-10-01T00:00:00Z,64570
lyncconf.com,2025-10-02T00:00:00Z,76653
lyncconf.com,2025-10-03T00:00:00Z,77597
lyncconf.com,2025-10-04T00:00:00Z,79423
lyncconf.com,2025-10-05T00:00:00Z,81286
lyncconf.com,2025-10-06T00:00:00Z,81332
lyncconf.com,2025-10-07T00:00:00Z,82737
lyncconf.com,2025-10-08T00:00:00Z,84879
lyncconf.com,2025-10-09T00:00:00Z,84235
lyncconf.com,2025-10-10T00:00:00Z,84098
lyncconf.com,2025-10-11T00:00:00Z,86545
lyncconf.com,2025-10-12T00:00:00Z,86025
lyncconf.com,2025-10-13T00:00:00Z,89440
lyncconf.com,2025-10-14T00:00:00Z,88978
lyncconf.com,2025-10-15T00:00:00Z,88928
lyncconf.com,2025-10-16T00:00:00Z,88551
lyncconf.com,2025-10-17T00:00:00Z,88536
lyncconf.com,2025-10-18T00:00:00Z,87930
lyncconf.com,2025-10-19T00:00:00Z,88487
lyncconf.com,2025-10-20T00:00:00Z,89069
lyncconf.com,2025-10-21T00:00:00Z,88318
lyncconf.com,2025-10-22T00:00:00Z,88501
lyncconf.com,2025-10-23T00:00:00Z,88816
lyncconf.com,2025-10-24T00:00:00Z,88600
lyncconf.com,2025-10-25T00:00:00Z,88783
lyncconf.com,2025-10-26T00:00:00Z,88882
lyncconf.com,2025-10-27T00:00:00Z,88730
lyncconf.com,2025-10-28T00:00:00Z,89316
lyncconf.com,2025-10-29T00:00:00Z,87234
lyncconf.com,2025-10-30T00:00:00Z,86719
lyncconf.com,2025-10-31T00:00:00Z,87065
lyncconf.com,2025-11-01T00:00:00Z,87105
lyncconf.com,2025-11-02T00:00:00Z,83283
lyncconf.com,2025-11-03T00:00:00Z,80323
lyncconf.com,2025-11-04T00:00:00Z,80550
lyncconf.com,2025-11-05T00:00:00Z,80577
lyncconf.com,2025-11-06T00:00:00Z,80041
lyncconf.com,2025-11-07T00:00:00Z,77791
lyncconf.com,2025-11-08T00:00:00Z,76121
lyncconf.com,2025-11-09T00:00:00Z,75440
lyncconf.com,2025-11-10T00:00:00Z,74396
lyncconf.com,2025-11-11T00:00:00Z,75146
lyncconf.com,2025-11-12T00:00:00Z,75339
lyncconf.com,2025-11-13T00:00:00Z,72214
lyncconf.com,2025-11-14T00:00:00Z,71632
lyncconf.com,2025-11-15T00:00:00Z,71039
lyncconf.com,2025-11-16T00:00:00Z,71734
lyncconf.com,2025-11-17T00:00:00Z,63470
lyncconf.com,2025-11-18T00:00:00Z,63967
lyncconf.com,2025-11-19T00:00:00Z,62569
lyncconf.com,2025-11-20T00:00:00Z,61016
lyncconf.com,2025-11-21T00:00:00Z,58916
lyncconf.com,2025-11-22T00:00:00Z,58860
lyncconf.com,2025-11-23T00:00:00Z,58959
lyncconf.com,2025-11-24T00:00:00Z,58600
lyncconf.com,2025-11-25T00:00:00Z,58622
lyncconf.com,2025-11-26T00:00:00Z,58070
lyncconf.com,2025-11-27T00:00:00Z,57889
lyncconf.com,2025-11-28T00:00:00Z,57593
lyncconf.com,2025-11-29T00:00:00Z,56133
lyncconf.com,2025-11-30T00:00:00Z,54903
lyncconf.com,2025-12-01T00:00:00Z,54762
lyncconf.com,2025-12-02T00:00:00Z,54750
lyncconf.com,2025-12-03T00:00:00Z,52221
lyncconf.com,2025-12-04T00:00:00Z,49772
lyncconf.com,2025-12-05T00:00:00Z,49772
lyncconf.com,2025-12-06T00:00:00Z,49772
lyncconf.com,2025-12-07T00:00:00Z,49761
lyncconf.com,2025-12-08T00:00:00Z,48998
lyncconf.com,2025-12-09T00:00:00Z,47802
lyncconf.com,2025-12-10T00:00:00Z,47426
lyncconf.com,2025-12-11T00:00:00Z,47432
lyncconf.com,2025-12-12T00:00:00Z,47448
lyncconf.com,2025-12-13T00:00:00Z,44848
lyncconf.com,2025-12-14T00:00:00Z,43168
lyncconf.com,2025-12-15T00:00:00Z,43351
lyncconf.com,2025-12-16T00:00:00Z,42785
lyncconf.com,2025-12-17T00:00:00Z,43390
lyncconf.com,2025-12-18T00:00:00Z,43303
lyncconf.com,2025-12-19T00:00:00Z,40797
lyncconf.com,2025-12-20T00:00:00Z,38955
lyncconf.com,2025-12-21T00:00:00Z,37425
lyncconf.com,2025-12-22T00:00:00Z,36744
lyncconf.com,2025-12-23T00:00:00Z,37061
lyncconf.com,2025-12-24T00:00:00Z,36888
lyncconf.com,2025-12-25T00:00:00Z,37444
lyncconf.com,2025-12-26T00:00:00Z,36807
lyncconf.com,2025-12-27T00:00:00Z,36770
lyncconf.com,2025-12-28T00:00:00Z,36447
lyncconf.com,2025-12-29T00:00:00Z,35208
lyncconf.com,2025-12-30T00:00:00Z,34852
lyncconf.com,2025-12-31T00:00:00Z,34387
lyncconf.com,2026-01-01T00:00:00Z,34499
lyncconf.com,2026-01-02T00:00:00Z,34406
lyncconf.com,2026-01-03T00:00:00Z,34692
lyncconf.com,2026-01-04T00:00:00Z,34646
lyncconf.com,2026-01-05T00:00:00Z,34588
lyncconf.com,2026-01-06T00:00:00Z,33698
lyncconf.com,2026-01-07T00:00:00Z,33593
lyncconf.com,2026-01-08T00:00:00Z,33537
lyncconf.com,2026-01-09T00:00:00Z,33256
lyncconf.com,2026-01-10T00:00:00Z,33128
lyncconf.com,2026-01-11T00:00:00Z,33113
lyncconf.com,2026-01-12T00:00:00Z,33254
lyncconf.com,2026-01-13T00:00:00Z,33087
lyncconf.com,2026-01-14T00:00:00Z,32914
lyncconf.com,2026-01-15T00:00:00Z,32753
lyncconf.com,2026-01-16T00:00:00Z,32331
lyncconf.com,2026-01-17T00:00:00Z,32951
lyncconf.com,2026-01-18T00:00:00Z,32851
lyncconf.com,2026-01-19T00:00:00Z,32606
lyncconf.com,2026-01-20T00:00:00Z,32830
